Station id ,industry domain id ,S.No,Station,City,Mode of PS,Discipline,Industry Domain,Project Domain,Remarks,
5454,4,1,313 Army Base workshop,Pitoragarh,Online ,"A4,A3,A8,AA,A7",Electronics,Electronics/AI,Already announced,
7239,2,2,A.V. Engineers,Gurugram,Onsite,"A4,AB",Mechanical,Mechanical,Already announced,
6816,3,3,ABC Consultants Pvt. Ltd.,Delhi,Onsite,Any,Management,Management/Recruitment/HR,Already announced,
3677,1,4,Aditya Birla Science & Technology,Mumbai,Onsite,A1,Chemical,Chemical,Already announced,
1516,11,5,Aditya Cement Works,Shambupura,Onsite,Any,Cement,Core Engineering & Electronics,Already announced,
7280,2,6,AERB - Chemical,Mumbai,Online ,A1,Mechanical,Chemical,Already announced,
7281,2,7,AERB - Civil,Mumbai,Online ,A2,Mechanical,Civil,Already announced,
7278,2,8,AERB - Electronics,Mumbai,Online ,"A3 , A8, AA",Mechanical,Electronics,Already announced,
7282,2,9,AERB - General,Mumbai,Online ,Any,Mechanical,Management/Risk Management/Mathematics,Already announced,
7279,2,10,AERB - Mechanical,Mumbai,Online ,"A1 , A2 , A4,AB",Mechanical,Mechanical,Already announced,
5406,5,11,Agnext Technologies Pvt Ltd,Sahibzada Ajit Singh Nagar,Onsite,Any,IT,IT/Digitization- AI,Already announced,
6046,5,12,Agrix Agrotech Pvt. Ltd.,New delhi,Online ,Any,IT,IT/Data/Digital Mapping/GIS,Already announced,
7219,2,13,Agromach Engineering Pvt. Ltd.,Faridabad,Onsite,A4,Mechanical,Mechanical/Cost reduction/Control,Already announced,
7220,5,14,AIotBlocks Pvt. Ltd.,Faridabad,Online ,Any,IT,IT,Already announced,
7221,5,15,AirDash Tech Pvt. Ltd.,Mumbai,Online ,Any,IT,IT/Backend/Frotnend/ML,Already announced,
6024,3,16,Akshara Livelihoods Pvt. Ltd.,Hyderabad,Onsite,Any,Management,Management/Social Media,Already announced,
7267,5,17,Allos AI Limited - Market Research,London,Online ,Any,IT,Management/Market Research,Already announced,
7266,5,18,Allos AI Limited - Web Development,London,Online ,A7,IT,IT/Web Development,Already announced,
4433,3,19,Alma connect - customer relationship management,New delhi,Online ,-,Management,Management/CRM,Already announced,
7211,3,20,Americana Restaurant,"Sharjah, USA",Online ,Any,Management,Management/Sales,Already announced,
6576,4,21,APC Technologies,Moradabad,Online ,"A3,A8,AA",Electronics,Electronics,Already announced,
7225,9,22,Apnaaapan Building Trust,Jaipur,Online ,Any,Others,Management/CRM,Already announced,
3133,6,23,APS Lifetech,Pune,Onsite,"A5 , A7 , B1",Healthcare,Healthcare ,Already announced,
7240,5,24,Arbunize Digital Media Pvt. Ltd.,Delhi,Onsite,Any,IT,Consulting,Already announced,
7286,8,25,Arohan Industrial Park Pvt. Ltd.,Ranchi,Onsite,A2,Infrastructure,Civil,Already announced,
7417,5,26,Asanify Technologies Pvt Ltd - Nontech,Kolkata,Onsite,Any,IT,Management/Non-Tech/Sales,Already announced,
5445,5,27,Asanify Technologies Pvt Ltd - Tech,Kolkata,Onsite,A7,IT,IT,Already announced,
3121,5,28,Ascent Cyber Solutions Pvt. Ltd.,Pune,Online ,Any,IT,IT/programming,Already announced,
6655,5,29,Avidia Labs,Bengaluru,Onsite (now online),Any,IT,Coding,Already announced,
7383,3,30,Avricus Pvt. Ltd. - Content Optimization,Delhi,Onsite,Any,Management,Management/Content Optimization,Already announced,
7355,3,31,Avricus Pvt. Ltd. - Machine Learning,Delhi,Onsite,Any,Management,IT/Machine Learning,Already announced,
7384,3,32,Avricus Pvt. Ltd. - Product Management,Delhi,Onsite,Any,Management,Management/Product Management,Already announced,
7385,3,33,Avricus Pvt. Ltd. - Sales & Marketing,Delhi,Onsite,Any,Management,Management/Sales & Marketing,Already announced,
34,11,34,Awarpur Cement Works,Chandrapur,Onsite,-,Cement,Core Engineering & Electronics,Already announced,
4710,11,35,Baga Cement Works,Solan (H.P.-,Onsite,Any,Cement,Core Engineering & Electronics,Already announced,
7302,2,36,Bajaj Steel Industries Ltd.,Nagpur,Onsite,A4,Mechanical,Mechanical/PBB,Already announced,
1517,11,37,Balaji Cement Works,Budawada,Onsite,-,Cement,Core Engineering & Electronics,Already announced,
5449,11,38,Bela Cement Works,Jaypee Puram Bela- MP,Onsite,-,Cement,Core Engineering & Electronics,Already announced,
212,2,39,Bharat Forge Ltd. (onsite),Pune,Onsite,-,Mechanical,Mechanical,Already announced,
67,5,40,Bhaskaracharya Institute For Space Applications And Geoinformatic,Gandhinagar,Onsite,"A2 , A3 , A7 , A8 , AA",IT,Research/PoC,Already announced,
7226,2,41,Birla Furukawa Fibre Optics Pvt. Ltd.,Goa,Onsite,"A4 , A8 , B2 , B5",Mechanical,Bearing life/Gas recycling,Already announced,
206,9,42,Birla Science Centre,Pilani,Onsite,Any,Others,Electronics,Already announced,
136,11,43,Birla White Cements,Jodhpur,Onsite,-,Cement,Core Engineering & Electronics,Already announced,
7242,5,44,Bitcomm Technolo ies Pvt.Ltd,Nagpur,Onsite,"A3 , A8 , AA",IT,Electronics/IOT,Already announced,
7243,5,45,Bitcomm Technolo ies Pvt.Ltd,Noida,Onsite,A7,IT,IT/MIS,Already announced,
7426,5,46,Blu Feather Innovations Pvt Ltd -Online,Bengaluru,Online ,Any,IT,Marketing/Content Development/Social Media/Web Development,Already announced,
7425,5,47,Blu Feather Innovations Pvt Ltd -Onsite,Bengaluru,Onsite,Any,IT,Marketing/Content Development/Social Media/Web Development,Already announced,
5803,2,48,Blue star Limited-Mechanical (Air conditining and commercial refrigeration),Ogli,Onsite,"A4,AB",Mechanical,Mechanical,Already announced,
4692,2,49,CCS STRATEGY SOLUTION - FLEXSIM,New delhi,Onsite (now online),"A4,AB",Mechanical,Mechanical,Already announced,
7244,4,50,CDOT,New delhi,Onsite,"A7 , AA",Electronics,Electronics,Already announced,
35,4,51,Central Electronics Engineering Research Institute,Chennai,Onsite,"A7,A3,A8,AA,A4",Electronics,Electronics/CSIS/Mechanical,Already announced,
207,4,52,Central Electronics Engineering Research Institute,Pilani,Onsite,"A7,A3,A8,AA,A4",Electronics,Electronics/CSIS,Already announced,
36,1,53,Central Leather Research Institute (onsite),Chennai,Onsite,Any,Chemical,Chemical/Bio Sciences/Healthcare,Already announced,
243,5,54,Centre For Development of Imaging Technology,Thiruvananthapuram,Onsite,"A2 , A3 , A7 , A8 , AA,A4",IT,IT,Already announced,
7405,4,55,Centre for Materials for Electronics Technology (C-MET),Hyderabad,Onsite,"A3 , A7 , A8 , AA,A4",Electronics,Mechanical,Already announced,
7310,5,56,Centre for Railway Information Systems - Information Security Group,New Delhi,Onsite (now online),A7,IT,IT/Information Security,Already announced,
7309,5,57,Centre for Railway Information Systems (CIRIS) - Crew Management Systems group,New delhi,Onsite (now online),Any,IT,IT/Management System,Already announced,
6798,5,58,Chaob Technologies Pvt. Ltd (Carscan),Pune,Online ,Any,IT,IT/AI - Product Research,Already announced,
5452,5,59,Ciyes Systems (Caliber Interconnect Solutions Pvt Ltd),Coimbatore,Onsite,Any,IT,IT/Web Application,Already announced,
7303,5,60,Cleareye.ai India Pvt. Ltd.,Thiruvananthapuram,Onsite,A7,IT,IT/CV/Product Dev,Already announced,
7227,2,61,Consta Cool Pvt. Ltd.,Kadi,Onsite,"A1 , A3 , A4",Mechanical,Engineering/Solar/Power/QC,Already announced,
7306,3,62,Consulting & Beyond - Forecasting,Chennai,Onsite (now online),"A7 , B4",Management,Consulting/Forecasting,Already announced,
7305,3,63,Consulting & Beyond - Operations,Chennai,Onsite (now online),"A4 , A5 , AB , B3 , B5",Management,Consulting/Operations,Already announced,
7304,3,64,Consulting & Beyond - Supply Chain,Chennai,Onsite (now online),"A2 , A4 , AB , B3 , B5",Management,Consulting/Supply Chain,Already announced,
5364,5,65,Contenterra Software Private Limited,Hyderabad,Onsite (now online),Any,IT,IT/Web Application,Already announced,
3191,5,66,COUTURE AI PVT LTD.,Bengaluru,Onsite,A7,IT,IT/AI,Already announced,
7433,3,67,Crossbar Talent - Client Outreach / Digital Marketing,Gurugram,Onsite (now online),Any,Management,Management,Already announced,
7432,3,68,Crossbar Talent - Employability Readiness Tool,Gurugram,Onsite (now online),Any,Management,Management,Already announced,
7430,3,69,Crossbar Talent - ESG Capability Build,Gurugram,Onsite (now online),Any,Management,Management,Already announced,
7431,3,70,Crossbar Talent - Metaverse Training POC,Gurugram,Onsite (now online),Any,Management,Management,Already announced,
7329,8,71,CRRI - Bridge Engineering & Structures Division,Delhi,Onsite,A2,Infrastructure,Civil,Already announced,
7324,8,72,CRRI - Computer Center & Networking,Delhi,Onsite,Any,Infrastructure,General IT,Already announced,
7331,8,73,CRRI - Flexible Pavement Division,Delhi,Onsite,A2,Infrastructure,Civil,Already announced,
7330,8,74,CRRI - Geotechnical Engineering Division,Delhi,Onsite,A2,Infrastructure,Civil,Already announced,
7325,8,75,CRRI - Information Liaison & Training,Delhi,Onsite,Any,Infrastructure,General IT,Already announced,
7327,8,76,CRRI - Knowledge Resource Center,Delhi,Onsite,Any,Infrastructure,General IT,Already announced,
7326,8,77,CRRI - Planning Monitoring & Evaluation,Delhi,Onsite,Any,Infrastructure,General Management,Already announced,
7332,8,78,CRRI - Rigid Pavements Division,Delhi,Onsite,A2,Infrastructure,Civil,Already announced,
7333,8,79,CRRI - Traffic Engineering & Safety Division,Delhi,Onsite,Any,Infrastructure,Civil/IT,Already announced,
7328,8,80,CRRI - Transport Planning & Environment Division,Delhi,Onsite,A2,Infrastructure,Civil,Already announced,
7357,2,81,CSIR National Metallurgical Laboratory,Jamshedpur,Onsite,"A1 , A3 , A4 , A8 , AA , AB , B2",Mechanical,Engineering Research,Already announced,
7287,6,82,CSIR-Central Drug Research Institute,Lucknow,Onsite,"A5 , A7 , B1 , B2",Healthcare,Healthcare,Already announced,
6814,4,83,CSIR-Central Scientific Instruments Organization,Chandigarh,Onsite,Any,Electronics,Electronics,Already announced,
7356,6,84,CSIR-IMTEC,Chandigarh,Onsite,B1,Healthcare,Healthcare/Botanical Research,Already announced,
7255,1,85,CSIR-Indian Institute of Petroleum(CSIR- IIP),Dehradun,Onsite,"A1 , A4",Chemical,Chemical,Already announced,
7245,5,86,CT Software Solutions India Pvt Ltd,Gurugram,Onsite,Any,IT,IT,Already announced,
7390,3,87,Custosanct Pvt. Ltd. - Design & UI/UX,Ghaziabad,Onsite (now online),A7,Management,IT/Design UI /UX,Already announced,
7389,3,88,Custosanct Pvt. Ltd. - Product Management,Ghaziabad,Onsite (now online),Any,Management,Management / Product Management,Already announced,
7388,3,89,Custosanct Pvt. Ltd. - Sales & Marketing,Ghaziabad,Onsite (now online),Any,Management,Management / Sales & Marketing,Already announced,
4707,11,90,Dalla Cement Works,Dalla,Onsite,-,Cement,Core Engineering & Electronics,Already announced,
7358,5,91,Datamatics,Mumbai,Onsite,"A3 , A7 , A8 , AA",IT,IT,Already announced,
1134,8,92,Delhi Metro Rail Corporation,New delhi,Onsite,"A2 , A3 , A4 , A7 , A8",Infrastructure,Engineering,Already announced,
7228,8,93,Dhatvik India Pvt. Ltd.,Nagpur,Onsite,"A2 , A3 , A4",Infrastructure,Civil/Construction,Already announced,
7307,8,94,"Dilip Buildcon Ltd.,",Sahibganj,Onsite,A2,Infrastructure,Civil,Already announced,
7246,5,95,Dinero,Madhapur,Onsite,Any,IT,IT/Frotn End/Product Analytics,Already announced,
6777,3,96,District Administration,Tiruppur,Onsite,"A2 , A7 , AA",Management,Management,Already announced,
2716,2,97,DRDO - Advanced Systems Lab,Hyderabad,Onsite,"A1 , A4 , AB",Mechanical,Mechanical/material Science,Already announced,
7288,5,98,Dynamatic Technologies Ltd (HLS Division),Bengaluru,Onsite,"A4 , A7 , AA , B4",IT,IT/UAV - Embedded/Image Processing,Already announced,
5476,4,99,Dynamic Elecpower (P) Ltd,Bhilwara,Onsite,Any,Electronics,Electric Power,Already announced,
7359,5,100,DYSL-CT DRDO,Chennai,Onsite,"A7 , AA",IT,IT,Already announced,
7374,4,101,Eclipse Instrumentation Pvt. Ltd.- Online,Mumbai,Online ,"A3 , A8 , AA",Electronics,Electronics,Already announced,
1013,4,102,Eclipse Instrumentation Pvt. Ltd.- Onsite,Thane,Onsite,"A3 , A8 , AA",Electronics,Electronics,Already announced,
7247,4,103,EFY,New Delhi,Onsite,Any,Electronics,Electronics,Already announced,
6818,8,104,Enviro Infra Solutions Pvt. Ltd.,Ghaziabad,Onsite,A2,Infrastructure,Civil/Environmental Consulting,Already announced,
7308,3,105,Ernst & Young LLP,Gurugram,Onsite,Any,Finance,Finance/Business- Transaction,Already announced,
7263,5,106,eShipz.com (LogIQ Labs Pvt. Ltd.),Bengaluru,Online ,Any,IT,IT/Predictive Analytics,Already announced,
7248,3,107,Farmers Pride,Bilaspur,Online ,Any,Management,IT/Website Upgradation,Already announced,
7320,3,108,Feedback Advisory Services Pvt. Ltd.,Bengaluru,Onsite,Any,Management,Management/Market Research & Advisory,Already announced,
7349,3,109,Findernest Software Services Pvt. Ltd.,Hyderabad,Online ,Any,Management,Digital Marketing,Already announced,
909,2,110,"Forbes Marshall,Pune",Pune,Onsite,"A3,A8,AA,",Mechanical,Mechanical,Already announced,
77,9,111,Funskool (india) Ltd.,Goa,Onsite,Any,Others,Management,Already announced,
103,9,112,G.M.R. Varalakshmi Foundation,Hyderabad,Onsite,Any,Others,Management,Already announced,
5899,2,113,Gates India Pvt. Ltd.,Chandigarh,Onsite,Any,Mechanical,Mechanical,Already announced,
4330,2,114,"Gates India Pvt. Ltd.,",Faridabad,Onsite,Any,Mechanical,Mechanical,Already announced,
78,2,115,Goa Shipyard Ltd.,Goa,Onsite,"A2 , A3 , A4 , A5 , A7 , A8 , AA , AB",Mechanical,Engineering,Already announced,
4155,5,116,Goavega Software India Pvt Ltd,Bengaluru,Onsite,A7,IT,IT/Low Code/No code,Already announced,
7249,1,117,Grasim Industries - Staple Fibre Division,Nagda,Onsite,Any,Chemical,Chemical,Already announced,
903,11,118,Gujarat Cement Works,Kovaya,Onsite,Any,Cement,Core Engineering & Electronics,Already announced,
906,1,119,Gujarat Environment Management Institute,Gandhinagar,Onsite,"A1 , B1",Chemical,Chemical,Already announced,
120,11,120,Gujrat Cement Works,Jafrabad,Onsite,Any,Cement,Core Engineering & Electronics,Already announced,
7321,5,121,Hacker4Help,Lambhvel,Online ,Any,IT,IT/Open Source Intelligence/POC,Already announced,
7416,3,122,Harman International - Nontech,Bengaluru,Onsite (now online),Any,Management,Management,Already announced,
7360,3,123,Harman International - Tech,Bengaluru,Onsite (now online),Any,Management,IT/Digitization,Already announced,
7234,3,124,Health & Family Welfare Department - Healthcare,Kolkata,Onsite,Any,Management,Healthcare,Already announced,
7235,3,125,Health & Family Welfare Department - IT,Kolkata,Onsite,"A3 , A7",Management,IT,Already announced,
7236,3,126,Health & Family Welfare Department - Management,Kolkata,Onsite,Any,Management,Management,Already announced,
304,5,127,Helix Techin Info Systems Pvt.Ltd,Goa,Onsite,Any,IT,IT,Already announced,
991,9,128,Helpage India,Goa,Onsite,Any,Others,Social sector/Mobile Healthcare/Digital Literacy,Already announced,
231,2,129,Hindalco Industries Limited,Renukoot,Onsite,Any,Mechanical,Mechanical/Power,Already announced,
232,2,130,Hindalco Industries Limited,Renusagar,Onsite,Any,Mechanical,Mechanical/Power,Already announced,
5478,8,131,Hindustan Colas,Mumbai,Onsite,Any,Infrastructure,Civil,Already announced,
237,11,132,Hirmi Cement Works (onsite),Simga,Onsite,Any,Cement,Core Engineering & Electronics,Already announced,
7251,1,133,HPCL,Vishkhapatnam,Onsite,"A1 , A4",Chemical,Engineering/Chemical/Mechanical,Already announced,
7363,3,134,Hyderabad Eye Institute (DBA – L V Prasad Eye Institute),Hyderabad,Onsite,Any,Management,Healthcare related management,Already announced,
7252,3,135,Hyphen SCS Pvt Ltd,Noida,Onsite,"A7 , Any",Management,Management/Business Insights/Branding,Already announced,
7253,9,136,I care Foundation A.C,Mexico,Online ,Any,Others,General Management,Already announced,
2662,5,137,IDS Infotech Ltd,Mohali,Onsite (now online),Any,IT,IT,Already announced,
4284,5,138,i-exceed technology solutions private limited,Bengaluru,Onsite,Any,IT,IT/Web Development,Already announced,
7435,1,139,IFP-Petro Products (P) Ltd,Ghaziabad,Onsite,Any,Chemical,Chemical,Already announced,
7261,5,140,Immensitas Pvt. Ltd. (Lemnisk),Bengaluru,Onsite,A7,IT,IT/Communication,Already announced,
51,5,141,Indian Institute Of Remote Sensing,Dehradun,Online ,"A7 , AA",IT,IT/Remote Sensing,Already announced,
3658,9,142,Indian Red Cross Society,Goa,Onsite,Any,Others,IT related/Non-Tech,Already announced,
7218,3,143,Indian Red Cross Society - Blood Donation Camp,Bengaluru,Onsite,"B1 , B2",Management,Management/Event Management,Already announced,
7217,3,144,Indian Red Cross Society - First Aid Training & Awareness,Bengaluru,Onsite,B1,Management,Management/Awareness project,Already announced,
7216,3,145,Indian Red Cross Society - Red Cross Activities,Bengaluru,Onsite,"A3 , A7 , A8 , AA",Management,Management/Event management- IT,Already announced,
5989,4,146,Indira Gandhi Centre for Atomic Research (IGCAR),Kalpakkam,Onsite,Any,Electronics,"Core Engineering & IT, Electronics, Physics/Science",Already announced,
7380,5,147,INFLIBNET Centre,Gandhinagar,Onsite,A7,IT,IT,Already announced,
7229,3,148,Innomagine Consulting Pvt. Ltd.,Hyderabad,Onsite,A7,Management,IT/Web application,Already announced,
7256,5,149,Integra Design,New Delhi,Onsite,A7,IT,IT/ANPR,Already announced,
7257,4,150,Integrated Active Monnitoring Pvt Ltd,Pune,Onsite,Any,Electronics,Electronics,Already announced,
7351,5,151,Integrity Data Services Pvt. Ltd. - Data Analysis,Ahmedabad,Online ,Any,IT,IT/Data Analytics,Already announced,
7350,5,152,Integrity Data Services Pvt. Ltd. - Digital Marketing,Ahmedabad,Online ,Any,IT,Management/Digital Marketing,Already announced,
7353,5,153,Integrity Data Services Pvt. Ltd. - HR Management,Ahmedabad,Online ,Any,IT,Management/HR,Already announced,
7352,5,154,Integrity Data Services Pvt. Ltd. - Web Development,Ahmedabad,Online ,Any,IT,IT/Web Development,Already announced,
7396,1,155,IOCL - Information Services,Mumbai,Onsite,A7,Chemical,IT/Informatio Services,Already announced,
7398,1,156,IOCL - Lube Operation,Mumbai,Onsite,A4,Chemical,Mechanical/Lube Operation,Already announced,
7399,1,157,IOCL - Operation LPG Operation,Delhi,Onsite,A4,Chemical,Mechanical/Operations,Already announced,
7400,1,158,IOCL - Operation/Maintenance,Delhi,Onsite,"A3 , A4",Chemical,Mechanical/Operations,Already announced,
7402,2,159,IOCL - Operation/Maintenance,Vadodara,Onsite,"A1 , A2 , A3 , A4 , A8",Mechanical,Mechanical/Operations,Already announced,
7403,1,160,IOCL - Operation/Maintenance,Panipat,Onsite,"A3 , A4",Chemical,Mechanical/Operations,Already announced,
7397,1,161,IOCL - Operations,Mumbai,Onsite,"A2 , A4",Chemical,Mechanical/Operations,Already announced,
7401,1,162,IOCL - Operations/Maintenance,Mathura,Onsite,"A1 , A2 , A3 , A4",Chemical,Mechanical/Operations,Already announced,
7395,1,163,IOCL - Retail Automation,Mumbai,Onsite,AA,Chemical,Mechanical/Retail Automation,Already announced,
7382,5,164,iQuadra Information Services Pvt. Ltd.- Online,NELLORE,Online ,"A3 , A4 , A7 , A8",IT,IT/Analytics/Mechanical/Power,Already announced,
7381,5,165,iQuadra Information Services Pvt. Ltd.- Onsite,NELLORE,Onsite (now online),"A3 , A4 , A7 , A8",IT,IT/Analytics/Mechanical/Power,Already announced,
6886,4,166,Jio Platforms Ltd,Mumbai,Online ,"A3 , A7 , A8 , AA",Electronics,Electronics (All IT Projects; ),Already announced,
6817,4,167,Jio Platforms Ltd.,Hyderabad,Online ,"A3 , A7 , A8 , AA",Electronics,Electronics (All IT Projects; ),Already announced,
7322,2,168,Johnson Controls (I) Pvt. Ltd.,Pune,Onsite,"A3 , A4",Mechanical,Mechanical/Electronics,Already announced,
250,12,169,JSW Steel,Vijaynagar,Online ,Any,Steel,Mechanical,Already announced,
7361,5,170,K2 Cloud Pvt. Ltd.,Gurugram,Onsite,"A7 , AA",IT,IT/Cloud,Already announced,
7323,5,171,Kairos Integrated Solutions Pvt. Ltd.,Vijayapur,Onsite (now online),Any,IT,IT/MIS/Web Development,Already announced,
119,2,172,KEC International Limited,Jabalpur,Onsite,A4,Mechanical,Mechanical,Already announced,
7258,2,173,KEC International Ltd,Jaipur,Onsite,"A4 , AB",Mechanical,Mechanical,Already announced,
4255,8,174,Kerala Infrastructure and Technogy for Education,Thiruvananthapuram,Onsite (now online),"A2 , A3 , A7 , A8 , AA,A4",Infrastructure,IT/General Management,Already announced,
7259,9,175,Kotak Education Foundation,Mumbai,Onsite,Any,Others,IT/General Management,Already announced,
7422,2,176,L&T Defence,Talegaon,Onsite,"A3 , A4 , A8 , AB",Mechanical,Engineering,Already announced,
7423,2,177,L&T Defence,Powai,Onsite,"A4 , A7",Mechanical,Engineering,Already announced,
7424,2,178,L&T Defence,Hazira,Onsite,"A4 , AA , AB",Mechanical,Engineering,Already announced,
7427,2,179,L&T Defence,Visakhapatnam,Onsite,A7,Mechanical,Engineering,Already announced,
7260,9,180,Lakshyam,New Delhi,Onsite,"AA , B1 , B3",Others,Management/Data Analysis/Marketing,Already announced,
7237,9,181,Lakshyam NGO,Noida,Onsite,B1,Others,Management/Data Analysis/Marketing,Already announced,
7334,2,182,LEAN SYNERGY,Bengaluru,Onsite,Any,Mechanical,Mechanical/Productivity - Quality Control,Already announced,
7230,5,183,Legalpay Technology Pvt. Ltd.,Gurugram,Onsite,"A7 , AA",IT,IT/Technology,Already announced,
1144,6,184,Lenest,Mumbai,Onsite,Any,Healthcare,IT/Management/Economics/Social Sciences,Already announced,
7262,4,185,LightSpeed Photonics Pte Ltd,Secunderabad,Onsite,"A7 , AA",Electronics,Electronics/Verilog/Power Sequencer,Already announced,
7362,5,186,Lime.ai,Bengaluru,Online ,Any,IT,Electronics/Chemistry/Mathematics,Already announced,
7264,5,187,Loop Reality Private Limited,Hyderabad,Onsite (now online),A7,IT,IT/Artificial Intelligence,Already announced,
7291,2,188,M/s Mosdorfer India Pvt. Ltd.,Nashik,Onsite,A4,Mechanical,Mechanical,Already announced,
5895,9,189,Maker & Asylum,Goa,Onsite,"A1 , A7 , B2",Others,Engineering Research/Water pollution- ArcGIS,Already announced,
3205,11,190,Manikgarh CEMENT,Chandrapur,Onsite,Any,Cement,Core Engineering & Electronics,Already announced,
6608,9,191,Manodayam Pvt. Ltd.,Lucknow,Onsite,Any,Others,IT/  Voice based Biomarker,Already announced,
3609,4,192,Maritime Research Centre (MRC),Pune,Onsite,Any,Electronics,Electronics,Already announced,
7265,6,193,MASTH (UltraHive Healthcare Pvt Ltd),Hyderabad,Online ,Any,Healthcare,IT/Mobile App Development/ML/Management- Growth,Already announced,
7411,6,194,MASTH (UltraHive Healthcare Pvt Ltd) - Business Growth,Hyderabad,Onsite (now online),Any,Healthcare,Management/Business Growth,Already announced,
6610,6,195,MASTH (UltraHive Healthcare Pvt Ltd) - Digital Marketing,Hyderabad,Onsite (now online),Any,Healthcare,Management/Digital marketing,Already announced,
7410,6,196,MASTH (UltraHive Healthcare Pvt Ltd) - Machine Learning,Hyderabad,Onsite (now online),Any,Healthcare,IT/Machine Learning,Already announced,
6609,6,197,MASTH (UltraHive Healthcare Pvt Ltd) - Mobile App Development,Hyderabad,Onsite (now online),Any,Healthcare,IT/Mobile App,Already announced,
7364,5,198,Masuu Global Solutions Pvt. Ltd.,Hyderabad,Onsite,Any,IT,IT/General Management,Already announced,
5373,5,199,Mazo Solutions Pvt Ltd,Chennai,Onsite,A7,IT,IT/AIML/App/Web Development,Already announced,
5367,6,200,Medsupervision Pvt. Ltd.,Faridabad,Online ,Any,Healthcare,IT/ML/App Development,Already announced,
5477,4,201,Mel Systems and Services Ltd - Onsite,Chennai,Onsite,"A3 , A7 , A8 , AA",Electronics,Electronics/OEE/Machine Monitoring,Already announced,
6052,4,202,Military College of Electronics and Mechanical Engineering,Secunderabad,Onsite,#N/A,Electronics,Electronics/Mechanical,Already announced,
7290,5,203,Monocept Consulting Pvt Ltd.,Hyderabad,Onsite,"AA , Any",IT,Consulting/Technology,Already announced,
915,8,204,Mormugao Port Trust,Goa,Onsite,"A2 , A4",Infrastructure,Civil/Mechanical,Already announced,
6581,9,205,N.N Breeds & Seeds India Pvt Ltd,Lucknow,Onsite,Any,Others,IT/Digitization (Finance & Trading operations),Already announced,
5448,11,206,Nathdwara Cement Works,Sirohi,Onsite,Any,Cement,Core Engineering & Electronics,Already announced,
7418,4,207,National Atmospheric Research Laboratory,Tirupathi,Onsite,Any,Electronics,Mechanical/Electronics/Civil/IT/Chemical,Already announced,
7271,5,208,National Centre for Polar and Ocean Research (NCPOR) - Online,Goa,Online ,"A7 , B4 , B5",IT,"IT/data statistics, AIML, Web-based/Core",Already announced,
7270,4,209,National Centre for Polar and Ocean Research (NCPOR) - Onsite,Goa,Onsite,"A3 , A7 , A8 , AA , B1 , B2 , B5 , C2",Electronics,IT/AIML/Web/Bio/Electro dynamics/Chemical charazterization,Already announced,
308,1,210,National Chemical Laboratory,Pune,Online ,Any,Chemical,Chemical,Already announced,
7365,4,211,National Institute of Electronics and Information Techology - AI/ML,Lucknow,Onsite,A7,Electronics,IT/AIML,Already announced,
7366,4,212,National Institute of Electronics and Information Techology - IOT,Lucknow,Onsite,"A7 , B3",Electronics,Electronics/IoT,Already announced,
7367,4,213,National Institute of Electronics and Information Techology - Mobile App Development,Lucknow,Onsite,"A7 , B3",Electronics,IT/Mobile App Development,Already announced,
2685,4,214,National Institute of Oceanography,Goa,Onsite,"A3 , A4 , A7 , A8 , AA , Any",Electronics,Electronics/Image Processing/Data/AUV/Underwater Vehicle/Hydrophone,Already announced,
40,1,215,National Metallurgical Laboratory Madras Centre,Chennai,Onsite,Any,Chemical,Chemical,Already announced,
7269,3,216,Navork Innovations Private Limited,Mumbai,Onsite,Any,Management,Management/Sales & Marketing,Already announced,
7335,5,217,New Propeller Technologies Research and Development Pvt. Ltd.,Trichy,Onsite,"A3 , A4 , A7 , AA",IT,Management/product Mgmt/Content/Business Development,Already announced,
7272,9,218,Nirmaan Organization,Madhapur,Onsite,"A7 , Any",Others,IT/Non Tech,Already announced,
7274,5,219,North Eastern Space Applications Centre - Offsite,Umiam,Online ,Any,IT,IT/AIML,Already announced,
7273,5,220,North Eastern Space Applications Centre - Onsite,Umiam,Onsite,"A7 , B4",IT,IT/AIML,Already announced,
6302,5,221,"ODE Holdings, Inc",Arizona,Online ,A7,IT,IT/Digital Transformation,Already announced,
7336,4,222,Odisha Power Generation Corporation (OPGC),Jharsuguda,Onsite,"A1 , A3 , A4 , A8 , AA",Electronics,Chemical/Electronics,Already announced,
7275,5,223,OnFinance - Tech (now onfinance is split into tech and non-tech),Bengaluru,Online ,Any,IT,IT,Already announced,
7293,3,224,P2P Microfinance & Allied Services,Lucknow,Onsite,Any,Finance,Fintech,Already announced,
7276,5,225,Pacify Medical Technology Pvt Ltd,Mumbai,Onsite,"A3 , A4 , A8 , AA , B1",IT,Electronics/Electromechanical design,Already announced,
6588,5,226,Palmtree Infotech,Chennai,Online ,Any,IT,IT/Enterprise applications,Already announced,
7231,5,227,ParallelDots Technology Pvt. Ltd.,Gurugram,Onsite,"A3 , A7 , A8 , Any",IT,IT/Tech/Non-Tech,Already announced,
566,2,228,Pentair Water India Pvt. Ltd.,Goa,Onsite,A4,Mechanical,Mechanical/Energy Distribution,Already announced,
7224,5,229,Petasense Technologies Pvt. Ltd. - Analytics,Bengaluru,Onsite,"A3 , A4 , A7 , A8 , AA , AB , B4 , B5",IT,IT/Exporatory Data Analytics,Already announced,
7223,5,230,Petasense Technologies Pvt. Ltd. - Embedded Systems,Bengaluru,Onsite,"A3 , A7 , A8 , AA",IT,IT/Embedded Software,Already announced,
7222,5,231,Petasense Technologies Pvt. Ltd. - Web Development,Bengaluru,Onsite,"A3 , A7 , A8 , AA",IT,IT/Web Development,Already announced,
7232,3,232,Phillip Capital India Pvt. Ltd.,Mumbai,Onsite,"A1 , A2 , A3 , A4 , A7 , A8 , AA , AB",Finance,Finance/Financial products/Equity Research,Already announced,
4229,9,233,Pilani AtmaNirbhar Resource Center (PARC),Pilani,Onsite,Any,Others,Management/Data Collection & Analysis,Already announced,
4614,5,234,Platifi Solutions Pvt Ltd,Bengaluru,Onsite,Any,IT,IT,Already announced,
6584,5,235,"PNT Robotics & Automation Solutions,LLP",Dombivli,Onsite,Any,IT,IT/AIML,Already announced,
7294,3,236,Pockvue Solutions Pvt. Ltd,Bengaluru,Onsite,"A7 , Any",Management,Management/BI/Marketing/Strategy,Already announced,
7277,4,237,Prama Instruments Pvt. Ltd,Navi mumbai,Onsite,"A3 , A4 , A8 , AA",Electronics,Electronics,Already announced,
3669,2,238,Preto Tooling Systems,Hyderabad,Onsite,"A4 , A8 , AA , AB , Any",Mechanical,Tools & Materials,Already announced,
7315,3,239,Project Management Unit - LMS,Goa,Onsite,Any,Management,IT/LMS,Already announced,
7316,3,240,Project Management Unit - LMS Chatbot,Goa,Onsite,Any,Management,IT/LMS Chatbot,Already announced,
7318,3,241,Project Management Unit - Media and Communication,Goa,Onsite,Any,Management,Management/Media & Communication,Already announced,
7317,3,242,Project Management Unit -Hardware,Goa,Onsite,Any,Management,Electronics/Hardware,Already announced,
7319,3,243,Project Management Unit -Research,Goa,Onsite,Any,Management,Management/Teaching & Learning,Already announced,
85,2,244,Putzmeister,Goa,Onsite,Any,Mechanical,Mechanical/Production,Already announced,
2655,4,245,Pyrotech Electronics Pvt. Ltd.,Udaipur,Onsite,Any,Electronics,Electronics,Already announced,
7233,5,246,Qualitykiosk Technologies Pvt. Ltd.,Mumbai,Onsite,Any,IT,IT/Mobile & Web application/AIML,Already announced,
3590,5,247,Race2Cloud Technologies Pvt. Ltd.,Bengaluru,Onsite,A7,IT,IT/Zoho products,Already announced,
7337,8,248,Rajasthan Housing Board,Jaipur,Onsite,A2,Infrastructure,Civil,Already announced,
158,11,249,Rajshree Cement,Malkhed,Onsite,Any,Cement,Core Engineering & Electronics,Already announced,
7368,8,250,Rapid Constructions,Ghaziabad,Onsite,A2,Infrastructure,Civil/Construction ,Already announced,
229,11,251,Rawan Cement Works (Onsite),Raipur,Onsite,Any,Cement,Core Engineering & Electronics,Already announced,
7338,4,252,RCCPL Pvt. Ltd.,Maihar,Onsite,"A3 , A8",Electronics,Electronics/ Distributary Control System/Induction Motor,Already announced,
7372,9,253,RD creations - Data Analysis,New Delhi,Online ,Any,Others,IT/Data Analytics,Already announced,
7370,3,254,RD creations - Digital Marketing,Delhi,Online ,Any,Management,Management/Digital Marketing,Already announced,
7371,3,255,RD creations - Operations,New Delhi,Online ,Any,Management,Management/Operations,Already announced,
7373,3,256,RD creations - Product Management,New Delhi,Online ,Any,Management,Management/Product Management,Already announced,
7369,3,257,RD creations - Web Development,Delhi,Online ,Any,Management,IT/Web Development,Already announced,
230,11,258,Reddipalayam Cement Works,Reddipalayam,Onsite,Any,Cement,Core Engineering & Electronics,Already announced,
7283,5,259,RI Equation,Pune,Online ,Any,IT,IT/PoC,Already announced,
5991,8,260,Roads and Buildings Department - Govt of Telangana,Hyderabad,Onsite,A2,Infrastructure,Civil/Construction ,Already announced,
7386,8,261,Roads and Buildings Department - Govt of Telangana,Siddipet,Onsite,A2,Infrastructure,Infrastructure/Construction,Already announced,
234,12,262,Rourkela Steel Plant,Rourkela,Onsite,Any,Steel,Core Engineering & Electronics,Already announced,
7375,3,263,Rusk Media Pvt. Ltd. - Analytics,New Delhi,Onsite,-,Management,Management/Analytics,Already announced,
7378,3,264,Rusk Media Pvt. Ltd. - Content Writing,Mumbai,Onsite,-,Management,Management/Content writing,Already announced,
7377,3,265,Rusk Media Pvt. Ltd. - HR,New Delhi,Onsite,-,Management,Management/HR,Already announced,
7379,3,266,Rusk Media Pvt. Ltd. - HR,Mumbai,Onsite,-,Management,Management/HR,Already announced,
7376,3,267,Rusk Media Pvt. Ltd. - Product Growth & Marketing,New Delhi,Onsite,-,Management,Management/Product Growth & Marketing,Already announced,
7341,3,268,SaaSDen - Growth,Faridabad,Online ,Any,Management,Management/Growth,Already announced,
7340,3,269,SaaSDen- Product Research,Faridabad,Online ,Any,Management,Management/Product Research,Already announced,
7339,3,270,SaaSDen- Web Development,Faridabad,Online ,Any,Management,Management/Web Development,Already announced,
7409,5,271,Samwaad Technologies Pvt. Ltd. - Basic Finance,Gurugram,Onsite,Any,IT,Basic Finance,Already announced,
7408,5,272,Samwaad Technologies Pvt. Ltd. - Business Strategy,Gurugram,Onsite,Any,IT,Management/Business Strategy,Already announced,
7407,5,273,Samwaad Technologies Pvt. Ltd. - Growth & Marketing,Gurugram,Onsite,Any,IT,Management/Growht & Marketing,Already announced,
7295,5,274,Samwaad Technologies Pvt. Ltd. - Product Management,Gurugram,Onsite,Any,IT,IT/Management,Already announced,
7406,5,275,Samwaad Technologies Pvt. Ltd. - Software Development,Gurugram,Onsite,Any,IT,IT/Software Development,Already announced,
7238,5,276,SatSure Analytics India Pvt. Ltd.,Bengaluru,Online  (now onsite),"A3 , A4 , A7 , A8 , AA , AB , B3 , B5 , C2 , D2",IT,Electronics/Satellite/Mechanical/Consulting/Marketing,Already announced,
4389,3,277,Scovelo Consulting - Digital Marketing,Chennai,Onsite,Any,Management,Management/Digital Marketing,Already announced,
912,4,278,Semi- conductor laboratoty,Mohali,Onsite,Any,Electronics,Electronics/design development,Already announced,
2675,11,279,Sewagram Cement Works,Sewagram,Onsite,Any,Cement,Core Engineering & Electronics,Already announced,
7296,5,280,Shortsqueeze Pvt. Ltd.,Bhopal,Onsite,Any,IT,IT/AIML/Analytics/Backend/MobileApp,Already announced,
5433,5,281,Shris Infotech Services Pvt Ltd,Secunderabad,Online ,"A1 , A2 , A3 , A4 , A7 , AA",IT,IT,Already announced,
3716,11,282,Sidhi Cement Works,Sidhi (MP),Onsite,Any,Cement,Core Engineering & Electronics,Already announced,
87,4,283,Siemens,Goa,Onsite,"A3 , A4 , A8 , AA , AB",Electronics,Electronics/Mechanical,Already announced,
3935,5,284,Silver Touch Technologies Ltd.,Ahmedabad,Onsite,Any,IT,IT/AIML/Automation,Already announced,
7241,5,285,Silverback Mobility Solutions Pvt. Ltd.,Bengaluru,Online ,"A3 , A4 , A8 , AA , Any",IT,Electrical/Automotive/Non-Tecg,Already announced,
7297,5,286,SimpleWorks Solutions Pvt. Ltd. (SimpleCRM),Nagpur,Onsite,"A3 , A4 , A7",IT,IT/Low code Platform,Already announced,
7391,2,287,Sintex BAPL Ltd.,Kolol,Onsite,-,Mechanical,Mechanical/Chemical/Electrical,Already announced,
88,5,288,Smartlink Holdings Ltd- Synegra EMS,Goa,Onsite,Any,It,IT/Digitization,Already announced,
7392,8,289,Sneha Kiran Techno Consultants Pvt. Ltd.,Kakinada,Onsite,A2,Infrastructure,Civil/Highway Consultancy,Already announced,
5378,4,290,SNS TECHNOSYS LLP,Pune,Online ,"A3 , A7 , A8 , AA",Electronics,Electronics/IOT/IIOT/UIUX,Already announced,
7342,5,291,SPK Systems India Private Limited,Karur,Onsite,Any,IT,IT/Software Development/CRM/HRM,Already announced,
7343,5,292,StackWalls Technologies Pvt. Ltd. - Development,Ahmedabad,Online ,A7,IT,IT/Development - Backend Frotnend,Already announced,
7345,5,293,StackWalls Technologies Pvt. Ltd. - Fintech,Ahmedabad,Online ,B3,IT,IT/Payment Management,Already announced,
7344,5,294,StackWalls Technologies Pvt. Ltd. - Non-core,Ahmedabad,Online ,Any,IT,Management/Product Management & Marketing,Already announced,
1340,2,295,Starflex Sealing India Pvt. Ltd.,Goa,Online ,Any,Mechanical,Mechanical,Already announced,
6660,9,296,State Council of Education Research and Training,Thiruvananthapuram,Onsite,"A2 , A3 , A7 , A8 , AA,A4",Others,General IT/Management,Already announced,
7387,2,297,Steel Authority of India Ltd. (SAIL) Bhilai Steel Plant,Bhilai,Onsite,"A3 , A4 , A8 , AA",Mechanical,Mechanical,Already announced,
7284,9,298,STEM4ALL,Usa,Online ,Any,Others,IT/AIML/Robotics/AR,Already announced,
7428,1,299,Sud-Chemie India Pvt. Ltd - Engineering,Vadodara,Onsite,"A1 , A2 , A3 , A4 , A8 , AA , AB , B1 , B2 , B3 , B4 , B5 , C2 , D2",Chemical,Chemical/Chemistry,Already announced,
7429,1,300,Sud-Chemie India Pvt. Ltd - IT,Vadodara,Onsite,A7,Chemical,IT/Automation/Web based software,Already announced,
7298,5,301,Sumati.io,Jabalpur,Onsite,Any,IT,IT/ERP,Already announced,
7285,9,302,Suzlon Foundation,Pune,Onsite,Any,Others,Management/CSR,Already announced,
7434,5,303,Syntegon Technology India Private Limited,Goa,Onsite,"A1 , A2 , A3 , A4 , A5 , A7 , A8 , AA , AB",IT,IT/Mechanical/Optimization/Process improvement,Already announced,
931,9,304,Tamil Nadu eGovernance Agency,Chennai,Onsite,Any,Others,Business Analytics/Project Management/Monitoring,Already announced,
4178,9,305,Tamil Nadu Health Systems Reforms Programme,Chennai,Onsite,Any,Others,Healthcare/Data ,Already announced,
7254,8,306,TerraServe Engineers and Contractors Pvt Ltd.,Bengaluru,Onsite (now online),"A1 , A2 , A3 , A4 , A7 , AA , AB , B2",Infrastructure,"Core Engineering, IT & Electronics",Already announced,
7393,2,307,TEVA - Digitalization & Automation,Mumbai,Onsite,A7,Mechanical,Mechanical/IT/Supply Chain,Already announced,
7415,6,308,TEVA - MIS/Dashboard,Mumbai,Onsite,Any,Healthcare,IT/MIS Dashboard,Already announced,
7413,6,309,TEVA - Product Manufacturing & Summary,Mumbai,Onsite,Any,Healthcare,Product Manufacturing ,Already announced,
7414,6,310,TEVA - Supply Market Research,Mumbai,Onsite,Any,Healthcare,Management/Supply Market Research,Already announced,
7412,6,311,TEVA - Value Stream Mapping,Mumbai,Onsite,AB,Healthcare,Management/Value Stream Mapping,Already announced,
32,1,312,The Institute Of Minerals And Materials Technology,Bhubaneswar,Onsite,Any,Chemical,Chemical,Already announced,
7394,2,313,Tienda Advanced materials Pvt. Ltd.,Goa,Onsite,A4,Mechanical,Mechanical,Already announced,
7212,5,314,TNSTC - Augmented and Virtual Reality,Chennai,Onsite,A7,IT,IT/ARVR,Already announced,
7213,5,315,TNSTC - Data Analytics,Chennai,Onsite,A7,IT,IT/Data Analytics,Already announced,
7215,5,316,TNSTC - Data Science,Chennai,Onsite,A7,IT,IT/Data Science,Already announced,
7214,5,317,TNSTC - Machine Learning,Chennai,Onsite,A7,IT,IT/ML,Already announced,
4306,9,318,TNSTC - Quantum computing software,Chennai,Onsite,"A7 , AA",Others,IT/Quantum Computing,Already announced,
239,11,319,Ultratech Cement Limited,Tadpathri,Onsite,Any,Cement,Core Engineering & Electronics,Already announced,
861,11,320,Ultratech Cement Limited,Amreli,Onsite,-,Cement,Core Engineering & Electronics,Already announced,
2646,11,321,Ultratech Cement Ltd.,Kotputli,Onsite,Any,Cement,Core Engineering & Electronics,Already announced,
7312,3,322,Urjanet - Customer Support Services,Chennai,Onsite,-,Management,Management/Customer Support Services,Already announced,
7314,3,323,Urjanet - Resolution Management,Chennai,Onsite,Any,Management,Management/Resolution Management,Already announced,
7313,3,324,Urjanet - Subscription Management,Chennai,Onsite,Any,Management,Management/Subscription Management,Already announced,
3176,5,325,UST GLOBAL,Chennai,Onsite," A2 , A3 , A7 , A8 , AA,A4",IT,IT/Chatbot/AIML,Already announced,
7289,5,326,UST Global,Thiruvananthapuram,Onsite,"A2 , A3 , A7 , A8 , AA,A4",IT,IT/Machine Learning,Already announced,
6643,5,327,UST Global - Infinity Labs,Thiruvananthapuram,Onsite,"A3 , A4 , A7 , A8 , AA",IT,IT/AIML/Blockchain/Robotics,Already announced,
202,11,328,Vikram Cement Works,Neemuch,Onsite,"A2 , A3 , A7 , A8 , AA , Any",Cement,Core Engineering & Electronics,Already announced,
52,8,329,Wadia Institute of Himalayan Geology,Dehradun,Onsite (now online),"A2 , A3 , A4 , A7 , AB , B5",Infrastructure,Electronics/CS/IT,Already announced,
7299,3,330,Wakao Foods,Goa,Onsite,Any,Management,Management/Operations/Sales/Social Media Management,Already announced,
7300,6,331,Weschel Pharma,Mathura,Onsite,"B2 , B3",Healthcare,Management/Digital Marketing,Already announced,
7346,2,332,Western Irrigaation System Pvt. Ltd. - Core,Rajkot,Onsite,Any,Mechanical,Mechanical/Manufacturing Process,Already announced,
7348,2,333,Western Irrigaation System Pvt. Ltd. - Core Research,Ahmedabad,Onsite,"AnyA1 , AnyA4",Mechanical,Mechanical/Material testing,Already announced,
7347,2,334,Western Irrigaation System Pvt. Ltd.-Finance & Management,Rajkot,Onsite,B3,Mechanical,Management/Product Management,Already announced,
5723,3,335,William O Neil,Bengaluru,Online ,Any,Finance,IT/Quantitative Analyst,Already announced,
4782,6,336,Yashoda Hospitals,Hyderabad,Online ,Any,Healthcare,IT/AI/Management,Already announced,
7301,5,337,YK Innosoft Technologies Pvt. Ltd.,Hyderabad,Online ,A7,IT,IT/Chatbot & others,Already announced,
90,1,338,Zuari Industries Ltd.,Goa,Onsite,"A1,A4,A3,A8,AA",Chemical,Chemical/Mechanical/Electronics,Already announced,
7436,2,339,Alucoat,Jaipur,Onsite,"A2,A4",Mechanical,Mechanical/Fabrication,Already announced,
7438,2,340,Centre for Materials for Electronics Technology (C-MET),Thrissur,Onsite,"A4,AB,A3,A8,AA",Mechanical,Mechanical/Electronics/Microwave dielectrics/Nano Materials,Already announced,
7437,5,341,E-Sutra Technologies Pvt. Ltd.- Tech ,Delhi,Onsite,Any,IT,IT/Mobile APP/Web Development,Already announced,
5554,3,342,Futures First Info Services Pvt. Ltd.,Gurugram,Onsite (now online),Any,Finance,Finance/Economic Analysis ,Already announced,
7463,9,343,Act Now India (an NGO) - Tech (this station is split into tech & nontech),Delhi,Online,Any,Others,IT/Web Development & App Development,"Added on April 3rd, 2023",
7476,2,344,Apollo Tyres Ltd.,Gurugram,Onsite,Any,Mechanical,Management/Sales & Management,"Added on April 3rd, 2023",
3135,1,345,Birla Polyfibers,Harihar,Onsite,"A1 , A4",Chemical,Chemical/Washing eficiency/Steam economy,"Added on April 3rd, 2023",
7445,5,346,Centre for Development of Advanced Computing (CDAC),Kolkata,Online (now onsite),"A3 , A7 , A8 , AA",IT,Electronics / IT ,"Added on April 3rd, 2023",
5514,5,347,Centre for Development of Advanced Computing (CDAC),Pune,Online,Any,IT,Web Development,"Added on April 3rd, 2023",
3653,5,348,Centre for Railway Information Systems - Data Analytics,New delhi,Online,"A3 , A7 , A8 , AA",IT,Data Analytics,"Added on April 3rd, 2023",
5479,5,349,Coditation Systems Pvt Ltd,Pune,Online,A7,IT,Electronics/Engine render hardware,"Added on April 3rd, 2023",
7446,5,350,Cognix Technologies,Pilani,Onsite,"A3 , A7 , A8 , AA",IT,IT/Backend/Frontend/ML,"Added on April 3rd, 2023",
7439,5,351,Commvault Systems,Bengaluru,Onsite,"A3 , A7 , A8 , AA",IT,IT/Software Automation,"Added on April 3rd, 2023",
7454,2,352,CPCL (Chennai Petroleum Corporation Ltd.),Chennai,Onsite,"A1 , A4",Mechanical,Mechanical/Chemical,"Added on April 3rd, 2023",
7479,5,353,E-Sutra Technologies Pvt. Ltd. -Non Tech,Delhi,Online,Any,IT,Management/Sales/Graphic/Digital Marketing,"Added on April 3rd, 2023",
6671,4,354,Electrono Solutions,Bengaluru,Online,Any,Electronics,Electronics,"Added on April 3rd, 2023",
7456,5,355,FinMapp (Fininfinity Technologies Pvt. Ltd.)- Tech,Gurugram,Online,Any,IT,IT/Front end/Backend,"Added on April 3rd, 2023",
7480,5,356,FinMapp (Fininfinity Technologies Pvt. Ltd.)- Non Tech,Gurugram,Online,Any,IT,Management/Analysis ,"Added on April 3rd, 2023",
7474,3,357,Grad Capital Advisors,Delhi,Onsite,Any,Management,Management,"Added on April 3rd, 2023",
7455,5,358,HASH BYTE PTE. LTD- Tech,Mumbai,Online,Any,IT,IT/App Development/Front End,"Added on April 3rd, 2023",
7481,5,359,HASH BYTE PTE. LTD- Non Tech,Mumbai,Online,Any,IT,Management/Business Strategy/Growth & Marketing,"Added on April 3rd, 2023",
7472,2,360,IG DRONES( Invent Grid India Pvt. Ltd),Noida,Onsite,A2,Mechanical,Management/B2B Marketing,"Added on April 3rd, 2023",
6819,5,361,Indian Meteorological Department (IMD),Pune,Onsite,"A3 , A7 , A8 , AA",IT,Electronics/IT,"Added on April 3rd, 2023",
4511,9,362,Indian Red Cross Society - IT,Mumbai,Onsite,Any,Others,IT,"Added on April 3rd, 2023",
7473,9,363,Indian Red Cross Society Gujarat State Branch,Ahmedabad,Onsite,Any,Others,Societal projects/outreach awareness,"Added on April 3rd, 2023",
6815,8,364,Institute of Seismological Research (Onsite),Gandhinagar,Onsite,"A2,A7,A3,A8,AA",Infrastructure,Seismology/IT/GUI,"Added on April 3rd, 2023",
7470,9,365,IRCS - Nontech,Bhopal,Onsite,Any,Others,Non-Tech,"Added on April 3rd, 2023",
7469,9,366,IRCS - Tech,Bhopal,Onsite,Any,Others,Tech ,"Added on April 3rd, 2023",
7453,9,367,Junior Red Cross,Mumbai,Onsite,Any,Others,Non-Tech,"Added on April 3rd, 2023",
7452,2,368,Kalpataru Power Transmission Ltd.,Noida,Onsite,"A2 , A3 , A4",Mechanical,Electronics/Civil/Project Management/HVAC/Plant & Machinery,"Added on April 3rd, 2023",
7451,2,369,Mahindra Research Valley,Chennai,Onsite (now online),"A3 , A4 , A7 , A8 , AA",Mechanical,Mechanical/Electrical/Electronics/IT,"Added on April 3rd, 2023",
2765,5,370,MapmyIndia-Marketing (CE Info Systems Pvt Ltd),New delhi,Onsite,Any,IT,Management/Marketing,"Added on April 3rd, 2023",
7458,3,371,MSME Development Institute,Chennai,Onsite,B3,Management,Management/Eco Finance,"Added on April 3rd, 2023",
2665,1,372,Nandi Group ( Sujala Pipe Pvt. Ltd ),Nandyal,Onsite,Any,Chemical,Chemical/Mechanical,"Added on April 3rd, 2023",
4402,3,373,NCAER - Sectoral study,New delhi,Onsite,B3,Finance,Economics,"Added on April 3rd, 2023",
7442,8,374,NCC(Nagarjuna Construction Company),Hyderabad,Onsite,Any,Infrastructure,Civil/Construction Technology review,"Added on April 3rd, 2023",
7468,5,375,Northcorp Software Pvt. Ltd.,Gurugram,Online,"A3 , A7 , A8 , AA",IT,IT,"Added on April 3rd, 2023",
3211,5,376,Pass Consulting,Hyderabad,Onsite,"A3 , A7 , AA",IT,IT/Cloud based IOT,"Added on April 3rd, 2023",
7460,3,377,Pramod K. Sharma & Co.,Bhopal,Onsite,"A3 , AB , B3",Management,General Management/Acoounting,"Added on April 3rd, 2023",
7448,8,378,Prozeal Infra Engineering Pvt. Ltd. - Data Science,Ahmedabad,Onsite,A1,Infrastructure,IT/Data Science,"Added on April 3rd, 2023",
7464,8,379,Prozeal Infra Engineering Pvt. Ltd. - Planning & Management,Ahmedabad,Onsite,"A3 , A8 , AA",Infrastructure,Civil/Project Management,"Added on April 3rd, 2023",
7447,8,380,Public Work Department,Lucknow,Onsite,A2,Infrastructure,Civil/Road construction,"Added on April 3rd, 2023",
7465,8,381,Realty Advance Structure Enterprises Pvt Ltd,Patna,Onsite,A2,Infrastructure,Civil,"Added on April 3rd, 2023",
2663,5,382,Regional Remote Sensing Centre,Jodhpur,Onsite,Any,IT,"IT/Data Science, Satellite Image Processing, Machine Learning, Artificial Intelligence, Big Data Analytics","Added on April 3rd, 2023",
7440,8,383,RIICO,Jaipur,Onsite,A2,Infrastructure,Civil,"Added on April 3rd, 2023",
7449,4,384,Rodella Technologies Pvt. Ltd.,Bhopal,Onsite,"A1 , A2 , A3 , A4 , A7 , A8 , AA , AB",Electronics,Electronics/Propellor dynamics/Manufacturing,"Added on April 3rd, 2023",
7475,2,385,SARDAR PATEL RENEWABLE ENERGY RESEARCH INSTITUTE (SPRERI),Anand,Onsite,"A1 , A2 , A4 , B1",Mechanical,Chemical/Mechanical,"Added on April 3rd, 2023",
7443,8,386,Survey of India,Dehradun,Onsite,Any,Infrastructure,IT/Civil/(i) Satellite Geodesy (ii) Geophysical Survey (iii) Large Scale Mapping,"Added on April 3rd, 2023",
7459,3,387,The Thriving Journey Pvt. Ltd.,Bengaluru,Onsite,"A3 , AA",Management,Management/Market Research,"Added on April 3rd, 2023",
4682,2,388,TVS Motors - Data Science,Chennai,Onsite,Any,Mechanical,IT/Data Science,"Added on April 3rd, 2023",
7457,3,389,Volofin services Pvt Ltd. (Subsidiary of Volofin Pte Singapore),Mumbai,Online,"A3 , A7 , A8 , AA , Any",Management,Management/Product & Growth/Digital Marketing/SEO,"Added on April 3rd, 2023",
7487,4,390,Alltronix International Inc - IIOT,Hyderabad,Online,"A7 , A8 , AA",Electronics,Electronics/IIOT,"Added on April 3rd, 2023",
7488,4,391,Alltronix International Inc - Management,Hyderabad,Online,Any,Electronics,Management/Sales & Marketing,"Added on April 3rd, 2023",
7486,2,392,Comprotech Engineering Pvt. Ltd.,Hyderabad,Onsite,"A4, AB",Mechanical,Mechanical/Compression Moulding/Machining Process,"Added on April 3rd, 2023",
6767,2,393,CSIR-National Aerospace Laboratories,Bengaluru,Onsite,"A1 , A3 , A4 , A8 , AA , B2 , B5",Mechanical,Chemical/Mechanical/Chemistry/Physics/Electronics/Meteorology/performance analysis,"Added on April 3rd, 2023",
7483,5,394,iLink (Purple Slate),Pune,Online,Any,IT,IT/AI/NLP,"Added on April 3rd, 2023",
7490,9,395,IRCS - Non Tech,New Delhi,Onsite,Any,Others,Management/Non-Tech,"Added on April 3rd, 2023",
7478,9,396,IRCS - Nontech,Lucknow,Onsite,Any,Others,Management/Non-Tech,"Added on April 3rd, 2023",
7477,9,397,IRCS - Tech,Lucknow,Onsite,Any,Others,IT,"Added on April 3rd, 2023",
7489,9,398,IRCS - Tech,New Delhi,Onsite,Any,Others,IT,"Added on April 3rd, 2023",
7467,2,399,National Aluminium Company -A central PSU,Angul,Onsite,"A1 , A3 , A4 , A7 , A8",Mechanical,IT/Core engineering,"Added on April 3rd, 2023",
3635,8,400,NCCBM,Ballabgarh,Onsite,"A1,A4,A8",Infrastructure,Chemical/Mechanical/Electronics,"Added on April 3rd, 2023",
6593,8,401,NCCBM,Hyderabad,Onsite,A2,Infrastructure,Civil,"Added on April 3rd, 2023",
7450,2,402,NHPC Ltd,Faridabad,Onsite,"A2,A4,A3,A8,AA,A7,B3",Mechanical,Core Engineering/HR/Economics,"Added on April 3rd, 2023",
7484,4,403,P2F Semi Pvt Ltd. - IIOT,Bengaluru,Onsite,Any,Electronics,Electronics/IIOT,"Added on April 3rd, 2023",
7485,4,404,P2F Semi Pvt Ltd. - Web Application Development,Bengaluru,Onsite,Any,Electronics,IT/Web application,"Added on April 3rd, 2023",
7482,5,405,Solutionec Pvt. Ltd.,Bengaluru,Onsite,"A5 , A7 , B3 , B4",IT,IT/Analytics/Pharma analytics/Database related/optimization,"Added on April 3rd, 2023",
7444,9,406,Tamil Nadu Medical Services Corporation Limited,Chennai,Onsite,Any,Others,Management/productivity/utilization of drug,"Added on April 3rd, 2023",
7466,11,407,"UltraTech Cement Limited, Maihar Cement Works",Maihar,Onsite,Any,Cement,Core Engineering & Electronics,"Added on April 3rd, 2023",
7492,9,408,Act Now India (an NGO) - Nontech,Delhi,Online,Any,Others,Management/Secondary research/social media campaign,"Added on April 7th, 2023",
7502,5,409,Amazon Applied Science - Amazon Stores,Hyderabad,Online,Any,IT,IT/ML/NLP/Extraction of details,"Added on April 7th, 2023",
7501,5,410,Amazon - Applied Science - Shipping Tech,Hyderabad,Online,Any,IT,Methodology of health metric/ML Model,"Added on April 7th, 2023",
7503,5,411,Amazon Software - Amazon Stores,Hyderabad,Online,Any,IT,IT/Integration framework/imposition of multiple ASIN/Algorithms,"Added on April 7th, 2023",
7505,5,412,Apisero - An NTT Data Company,Pune,Online,Any,IT,IT/Bill payment system/Online repository,"Added on April 7th, 2023",
7498,6,413,Coral Clinical Systems,Goa,Onsite,"A5,B1,B2",Healthcare,Healthcare/Clinical Chemistry,"Added on April 7th, 2023",
7500,5,414,Future Generali India Life Insurance,Mumbai,Onsite,A7,IT,IT/Risk Assessment/Digital Platform/Fraud Detection,"Added on April 7th, 2023",
6088,8,415,Hilti (India) Pvt Ltd.,New delhi,Onsite,A2,Infrastructure,Civil,"Added on April 7th, 2023",
7441,9,416,IRCS,Dehradun,Onsite,Any,Others,Management/IT,"Added on April 7th, 2023",
7508,9,417,IRCS - Nontech,Chandigarh,Onsite,Any,Others,Management,"Added on April 7th, 2023",
7507,9,418,IRCS - Tech,Chandigarh,Onsite,Any,Others,IT/E-Office/Android App,"Added on April 7th, 2023",
7506,2,419,Log9 Materials Scientific Pvt. Ltd.,Bengaluru,Onsite,"A1,A4,A3,A8,AA,A7",Mechanical,Mechanical/Hardware/Battery Design/Cell testing/BMS,"Added on April 7th, 2023",
7495,3,420,Macquarie Global Services Private Limited,Gurugram,Onsite,"A7,B4",Finance,IT/ Data Analytics/ Finance transformation/Power BI/Business Analysis,"Added on April 7th, 2023",
7509,3,421,On Finance - Non Tech,Bengaluru,Onsite (now online),Any,Finance,Management/Growth Associate/Marketing/Graphic Designer,"Added on April 7th, 2023",
83,6,422,Orchid Bio Medical Systems,Goa,Onsite,"A5,B1,B2",Healthcare,Healthcare/Rapid Test,"Added on April 7th, 2023",
7496,5,423,Prompt Equipments Pvt. Ltd.,Ahmedabad,Onsite (now online),A7,IT,IT/Core Angular/Embedded,"Added on April 7th, 2023",
2721,6,424,Qualpro Diagnostics,Goa,Onsite,"A5,B1,B2",Healthcare,Healthcare/Rapid Test,"Added on April 7th, 2023",
255,2,425,Sarda Metals & Alloys Ltd. (onsite),Visakhapatnam,Onsite,"A3,A7,A8,A4,AB",Mechanical,Power Plant/Support Functions/App/Energy Management/Portal/Efficiency,"Added on April 7th, 2023",
7499,3,426,Stocklite Gemms Private Limited,Bengaluru,Onsite,Any,Management,Management/Market Research,"Added on April 7th, 2023",
7493,3,427,T-Hub,Hyderabad,Onsite,Any,Management,Management,"Added on April 7th, 2023",
7494,9,428,T-Work Foundation - Firmware/Software,Hyderabad,Onsite,A7,Others,IT/Firmware/Software,"Added on April 7th, 2023",
7504,9,429,T-Works Foundation - Electronics/Embedded Systems/ Robotics,Hyderabad,Onsite,"A3,A8,AA",Others,Electronics/Embedded Systems,"Added on April 7th, 2023",
7491,9,430,T-Works Foundation - Mechanical/Mechatronics,Hyderabad,Onsite,"A4,AB",Others,Mechanical/Mechatronics,"Added on April 7th, 2023",
7471,4,431,Titan - DANLAW TECHNOLOGIES INDIA LTD,Goa,Onsite,"A3,A8,AA",Electronics,Electronics Manufacturing/Failure Analysis,"Added on April 7th, 2023",
7497,6,432,Tulip Diagnostics Private Limited,Goa,Onsite,"A5,B1,B2",Healthcare,Healthcare/Blood Grouping,"Added on April 7th, 2023",
3131,5,433,Variable Energy Cyclotron Centre (Onsite),Kolkata,Onsite,A7,IT,IT,"Added on April 7th, 2023",
1015,5,434,Vidcentum R & D Pvt. Ltd.,Hyderabad,Online,"A7,A3,A8,AA",IT,IT/AI and Expert Systems,"Added on April 7th, 2023",
2720,6,435,Zephyr Biomedical,Goa,Onsite,"A5,B1,B2",Healthcare,Healthcare/Rapid Test,"Added on April 7th, 2023",
7513,2,436,Sintex BAPL Ltd.,Ulibera,Onsite,"A1,A4",Mechanical,Process Optimization/Energy consumption reduction,"Added on April 10th, 2023",
7514,2,437,Sintex BAPL Ltd.,Nalagarh,Onsite,"A1,A4",Mechanical,Process Optimization/Energy consumption reduction,"Added on April 10th, 2023",
7512,5,438,Deptt. Of Information Technology & Communication,Jaipur,Onsite,Any,IT,Portal creation/Cyber Security,"Added on April 10th, 2023",
7518,5,439,MobileMSK LLC,Saint Cloud MN,Onsite (now online),Any,IT,IT/Machine Learning/Artificial Intelligence application,"Added on April 10th, 2023",
7510,3,440,Pilani Innovation and Entrepreneurship Development Society,Pilani,Onsite,Any,Management,Management/Entrepreneurship/Management/Incubator,"Added on April 10th, 2023",
11,2,441,Siemens,Aurangabad,Online (now onsite),"A4,A3,A8,AA,A7",Mechanical ,"Manufacturing processes , Warehouse management, Automation & digitalization, Low code programming,","Added on April 10th, 2023",
7515,2,442,Siemens,Mumbai,Onsite,"A3,A8,AA,A4",Mechanical,"Industry 4.0/ Mfg Special Purpose Machine/Machine Manufacturing
Transformers R&D Low voltage, switchgear; MV panel manufacturing","Added on April 10th, 2023",
7517,13,443,SPENTA INTERNATIONAL LTD.,Palghar,Onsite,Any,Textile,Sock Design,"Added on April 10th, 2023",
7511,12,444,Steel Authority Of India Limited ISP Burnpur,Bardhhaman,Onsite,"A7,A3,A8,AA",Steel,IT/Automation/ERP,"Added on April 10th, 2023",
630,2,445,Tata Motors Ltd.,Pune,Onsite,"A3,A8,AA,A4",Mechanical,Manufacturing/Quality improvement,"Added on April 10th, 2023",
7516,5,446,Unicloud,Noida,Onsite,"A3,A8,AA",IT,Cloud and Image Analytics/object detection/Data & AI project,"Added on April 10th, 2023",
7522,9,447,AlgoUniversity (YC-S21),Hyderabad,Onsite,ANY,Others,Management/Business strategy/Entreprenuership,"Added on April 19th, 2023",
7521,8,448,Arics infrastructure,Ranchi,Online,"B5,A4,A8",Infrastructure,Infrastructure/EPC Contract/Supply Chain,"Added on April 19th, 2023",
7524,3,449,Bonanza Portfolio Ltd.,Mumbai,Onsite,"A1,A2",Management,Financial Products,"Added on April 19th, 2023",
7520,2,450,Disha Auto Components,Aurangabad,Onsite,"A4,A7",Mechanical,Manufacturing/Tally system/Machine Improvement,"Added on April 19th, 2023",
7525,5,451,KDK Software (I) Private Limited,Jaipur,Onsite,"A7,A3,A8,AA",IT,IT/Software Development,"Added on April 19th, 2023",
7526,4,452,MELUX CONTROL GEARS PVT.LTD.,Pune,Onsite,"A3,A8,AA",Electronics,Electronics/Embedded/Power Electronics,"Added on April 19th, 2023",
7519,3,453,The House of Origins,Jaipur,Onsite,Any,Management,Management/Digital Marketing/Product Management/Web Design,"Added on April 19th, 2023",
7523,5,454,Verse Innovation Private Limited,Bengaluru,Online,"A7,AA,B4",IT,IT/Data Science/Product Management/,"Added on April 19th, 2023",
7527,3,455,City Union Bank - Marketing,Chennai,Onsite,Any,Finance,Management/Marketing/Secondary research,"Added on April 19th, 2023",
7528,3,456,Unibic Foods India Pvt. Ltd,Bengaluru,Online,Any,Management,Management/Data Interpretation & Analysis,"Added on April 19th, 2023",
